{"cameraMode":{"drawMode":0,"name":"Shaded","section":"Shading Mode"},"sceneLighting":true,"audioPlay":false,"sceneViewState":{"showFog":true,"showMaterialUpdate":true,"showSkybox":true,"showFlares":true,"showImageEffects":true,"showParticleSystems":true},"in2DMode":false,"pivot":{"x":-0.22545769810676576,"y":-0.9674398899078369,"z":99.01349639892578},"rotation":{"x":0.08417949080467224,"y":0.02689581923186779,"z":-0.0022729376796633007,"w":0.996084988117218},"size":8.631377220153809,"orthographic":false}